test_molecule_id,example_1_id,example_2_id
5354212,227848,91438
53239731,50909811,53239730
49859627,20843321,58319026
3955,62156,61996
440649,5353002,439745
5780,82170,152306
52929771,129011068,132472375
56955923,56955922,45259181
69527,3016215,439717
86289485,86289942,86289503
23724633,91666452,25202651
71298190,91847997,91860936
23674745,23663407,10037656
70678725,146170778,6918506
69212,45119133,68238
12308716,52952216,52951756
5471966,10918099,5471851
13376,7671,6228
6913121,25137878,10231870
86289860,86289817,53953668
14345637,6438587,71728460
10825777,15235341,135398683
11060176,56927894,91845471
279,5460257,93072
135814272,135886639,92934
72189985,86290209,86290200
443078,3080603,3082089
132282124,132282121,132282505
68057,89516,1220
134160296,134692042,134160313
6433272,5282189,70697901
57330977,72551434,5487413
5315318,5315307,70678627
25031915,9823820,135476717
443144,94157,215
108086,177491,5282253
14212362,16760025,5326875
73271,967,70122
5280695,25201917,5281621
119035,45119133,68238
121596220,72715834,24906325
30951,39912,46224594
91972219,91825704,91825696
514186,7019106,91860928
11001318,1101514,5734
97783,5282900,5312743
5284552,4282864,13961955
25244168,91828272,25244169
46931152,5283539,86289199
108976,439370,18611297
54699185,5284654,5357444
6245,3006222,12315238
31101,28864,119569
91828250,91828258,92136210
1119,6251,1145
53239760,53239739,53239759
86289183,86289167,86289193
10922936,688189,225680
71668339,51405079,102571753
21953369,17903417,20849056
91855080,91845089,14029492
85904018,85904019,104272
57320776,53239772,10386423
16078938,44755017,91666335
3374,60021,118796925
124202362,10793199,23724657
129626641,129626642,129626640
57971952,58012659,6918120
439258,49791978,834
91856628,91857885,91848902
53380618,53380302,53380402
23724670,21611827,932
243,517055,689043
104881,161109,150901
75551,21999424,25010768
51041863,86289751,45266863
176983,22311,7461
11460189,11175016,24771811
102026334,102026333,10429233
44123467,11871584,448752
137333888,137333891,137333886
71362816,65275,9845622
70698038,12310249,51382654
33255,65755,71736
72551571,86289728,72193763
3692773,25243990,25244388
36690813,11871584,145944442
34006,114523,12126
86289694,86289665,86289770
2724,22576,2576
117705,84995,2724405
91859262,91847997,91848470
443277,13909285,62296
5460887,44176418,16158208
121596228,90186325,56639109
23976,935,23938
5280436,42607331,122198216
450268,22501452,54528825
6451149,6918303,6337614
135563653,46833962,56684113
92136163,9812294,90659799
46931086,11953841,25244881
25245067,91666417,51351728
54740347,23657843,86289316
1549302,1549306,6971043
443250,439843,5459941
14542801,5312781,5362585
7251185,39912,5362
5460775,5460772,439714
95070,31292,90436294
10371340,10073779,10054688
4124016,3939846,92136175
50994224,50994308,70698253
11188,45266527,87471701
9782,16490,82153
6951135,25837694,71567
6282,12961637,444000
442439,442456,73607
25193530,27210083,76332273
6919000,6950509,439383
91819953,25200570,136093831
71728373,57689798,71668260
35330,45266501,25104
91852300,5288889,91850995
173745,44140628,44140629
45266740,129320300,24916760
70761166,2724897,29740
71581037,71581074,70698344
134131607,46833962,56684113
78294,10249353,75778
16122509,123804,152455
11527,85993300,121232644
45266759,20849076,11506771
456309,40692,440892
2763159,164974,69141
10958189,11338509,11057755
24755502,24755501,444305
54686804,54686805,54693753
75447,3660729,93367
62672,26077,24588
6326776,439194,61
13284402,11326613,11355722
86289482,6919035,6971056
118797962,118797963,86289770
137547,13566,69019
74603253,86289413,9869776
11595378,16061143,11976798
151001,71567,6925665
22806751,11813424,70679020
16061345,46878488,101408509
135398682,7059388,3081457
70679009,70679027,70678911
446816,94996,2744041
91972203,91828258,70788978
54445,44575671,25258213
70680257,84298,44179301
62852,188977,92930
57339203,50909795,169636
9543176,54729370,5280648
29507,20831,89436
2826714,10373294,58753090
5281006,456255,5773
66826,3090,5104
73670,65651,22094
11561674,44591583,2581
132274411,9547166,9547170
15558960,54671717,54669753
24778945,24779038,24779033
69351,11517,8091
53476539,86289959,14353914
42607475,86289377,24779545
10103306,439716,44227630
43815,3455,104920
145712527,145712526,145712530
53852982,91849454,57344538
25200557,7098648,44457531
86289483,6919035,6971056
5280612,91825580,91825579
53478105,46931129,52928941
128505,193574,56927893
5280406,40473153,25244357
5460889,5460892,145692
70678903,70678917,70678921
56927880,21903368,56927986
93362,33360,590774
121232727,124079408,124079407
6366484,8771,6412
53363843,101712250,15762008
53477674,53477675,25245205
6419766,10267580,4705
86289422,176458,86289419
25093353,25093352,6101852
179394,446355,185861
17756117,200480,443774
71728420,46931129,52928941
81466,75982,2759573
57412271,57412270,12314414
6436081,5365682,5284499
152990,90658602,61293
5281718,10178463,5281712
11999968,11669392,13250
439507,102288,5459942
90659882,86289267,71627273
312145,9849735,11638999
25202134,20448611,25244868
15375588,70678924,24892746
16736529,9955,94830
45052211,86289957,9914062
6437379,6441102,45380417
46173958,475277,44610605
51351807,193653,9877608
36324,8705,221110
95433,22253297,10430
118797961,118797965,118797963
1794427,5280633,9798666
70678649,24882919,10187270
122198276,167865,123852
14475218,14475217,122164831
135418940,67574,2375
7955,56955907,56955933
6438678,688372,7021428
11428,22386,554363
71581261,71581257,72551506
3084375,3084376,185893
91848953,91856860,91850995
9796904,5315394,5315477
193732,5289403,54533348
91848827,91856538,91861163
85692,5312816,25271613
67206,5287620,5461035
254630,442805,442811
16759325,145944427,14274976
6950480,22253297,4275592
17106,65369,135398655
9543003,71448900,11966202
10621,83489,442456
132282070,132282502,132282505
52922146,460605,24779073
16737097,16737098,16737295
3587356,4275592,22253297
68853159,11347895,71306373
10006666,10323609,21124703
439282,6971046,439902
57339202,25201920,16040232
45380432,59774441,45380417
23065692,22377415,62667
121596227,90186325,121596229
70697875,70697814,70697915
56655569,56655500,56834387
242486,244387,248583
42626433,42626432,45266720
9543236,3082152,131708347
138453915,1101514,135566415
131953077,131953078,25116874
56659293,56679786,56598865
53462,146575,86583347
5280906,11000892,11832674
24832659,20055771,70690648
10409977,5316821,23724744
6991986,6991985,6991987
134716637,90659868,22796709
10726905,10856614,11052745
54677972,54677470,46224594
132282134,132282503,132282506
4679,5029,3883
49866383,16043216,9547612
444972,6076814,196
138756165,71245406,90658514
11246488,22624897,151193
31200,19395,21803
6917929,16061089,16061087
53477670,23278058,1029
122391240,49800176,102158614
86289136,86289132,72715768
6277,25000,24965
132472357,132472324,132472356
9908783,11625818,822306
3485262,5284483,26633
135398643,135398651,135956774
65732,20841696,75889
68848,28864,57339187
21283465,7075028,21951818
53344596,53344597,38363100
53477637,126843488,46224560
40490621,5282277,27076754
25229567,25229582,65217
11268094,5330949,137333891
90657233,90659206,90657261
47965,51039,5479537
145944422,145944421,145944425
1549438,6992112,1549439
70697829,71581002,71581120
169137,89516,14305
92097,11876210,115250
460602,121225538,121225540
117,155,484
10404741,10047025,10092969
11481776,11736506,16742799
11170991,11747,31261
9109155,9109159,6857455
24900162,25058084,9863281
86311107,439246,124035
91768,6436606,12797557
439524,6106,92446778
45480539,13643887,12686027
168356,23336300,12284
119219,151276,440850
10313378,6419710,44237117
5215,5327,5340
16091519,16091521,16091522
9998041,500062,9548791
135514797,135503530,53484026
102571769,21158477,86289913
74563,439963,11579
15047965,5282610,14324897
122391323,91819876,122391325
21597700,139036296,13751481
36573,440879,3372845
132472336,124202384,124202382
151927,439773,1993
4643312,5459847,53262367
25240371,9544155,86289329
440961,11006912,25246192
452110,6443788,52931133
58177710,90657394,9547069
195103,447272,44558869
86291590,86291593,56640146
5311051,16490,443980
53359463,70698053,486612
2266,12681,443585
53481753,70698771,52923804
24820759,440317,644357
65070,145729,65063
9547164,52929474,53478086
91474,53975001,165511
18954,18171,25516
71339995,14325177,53656310
78093979,86289778,86289753
11435803,92136106,5282613
122164864,122164866,44237293
91856437,91856172,91852878
32014,91636,14820027
21114947,69507,25245232
9338,54675866,54675839
7310978,5281908,5280518
10198228,3614637,44093
70697892,70697914,56600269
86290020,10628686,86290021
56951724,53477560,53477648
9909190,9875424,610016
10343437,6713078,52952539
91972197,91826601,91826605
70679030,70678611,70678723
5462148,561,25244990
10648,66259,4636
101597,45266847,80086
129626727,44441888,11966216
3168,3151,3559
24865464,134160273,24865463
160883,656593,16051
73981,5360315,135885222
90659193,90658254,90657203
46173730,50909867,5283548
51402819,5320852,5359430
76965883,74441473,93858
21594148,73299,12302577
5281645,5318597,5281637
16617,16255,31276
49852308,25244408,42609788
91666421,91666420,91666399
1730593,6166852,2750
91856787,91848902,91848931
62999,62998,20848875
93486,107273,24743
53262337,53262386,53262330
70697754,70697852,64945
11953795,24892751,5460301
146672896,135889289,5281115
56926207,56926208,56926294
65977,193343,9920500
552086,552083,97785
132472338,11559293,132472337
53262360,44512558,49859612
54684684,54718173,3857574
5281603,148856,189065
135515530,11158353,91699
22298950,91825664,656737
91849816,44224029,71297292
7654,82200,637516
70697777,114778,11201358
6441048,208856,53344594
73416432,117964,5282419
54751688,16760025,440201
2825766,46906046,124081804
299577,70697946,24873683
54758613,440271,446101
101062652,11724191,15762008
3536595,57339314,11862122
440310,107689,793
53239747,53239739,53239759
86289328,86289329,42627601
20434161,121596223,21999814
3086674,56927737,46878490
903,24749268,150885
10914066,101524168,68072
10436112,122391253,122391254
21606527,10485148,57401109
91851901,91859666,91846608
2723698,1550489,8713
173576,824,189028
6951009,21634212,21145110
7408258,151004,9834371
62640,22743540,24424
23724874,31195,25419
92865,14253341,150914
71728338,52927248,71668312
441203,84998,442424
6999955,6602431,88712001
5460107,5282411,129626827
6857381,24802251,3035456
11947720,7322,7433
90728,7364,880
6917698,4168,3001055
129626746,129626748,129626744
53481665,91828268,21445006
10065952,5281636,5281622
5459389,71768138,71768119
91851869,10895153,91850756
71314663,100945784,71776683
9870745,440317,5461108
21126521,44611450,91855699
91688,33528,9796266
118796915,20264499,5282916
443453,440915,5460209
25017463,25017717,70697779
161178,101988,13472
540,70679028,9548652
135563654,118796889,118796890
6444206,5281744,86289396
9544103,16058372,9544447
5281701,68077,72344
50986200,56927762,70680353
3034048,92400,44093
6101829,146570,2771
72715827,72715812,121596237
135398596,135449322,7058169
57339315,57339314,11870461
6993342,80349,135398111
11560992,11633321,11987811
439230,134965,4478250
123409,14900,14647151
44237187,44237188,122198203
440322,135398585,14003
44263378,10323609,439763
5249538,6951467,54564736
12312732,636732,10891602
74839,101184,6928500
444881,5460846,336327
20849232,102571780,102571781
5312554,5497182,5312557
90002174,119405,54691355
104811,4641,156391
54672239,54672171,54672324
6426850,115236,6426848
15011611,101691231,11724191
5288663,5288662,70789001
78968,7968,91825628
84951,69507,5988
121225506,91826558,16211258
1229,3723,18419979
3946339,3740040,3944817
91849027,91861096,91847257
135473381,135867731,135455579
13926,15056663,23703973
79129,3545606,11217472
67183,64952,168167
138911100,138911099,25062766
101788,23239834,11954141
14464358,25243954,5459783
37888176,64746,213053
546,194763,98449
9832350,5742590,70697783
18614382,3782987,22078585
3090777,5460842,151018
78350,83290,5565
3768578,145944430,4138313
448972,9955,62389
121232676,44593669,11829053
12487266,6445537,11333582
45480552,70698335,122706019
129659,35703,17757236
40490689,40490690,11782733
18752,13389335,134123139
3678,21718,46878358
102571757,91852771,91853759
107737,160886,440194
5280885,5280884,40473159
3024,7839,1068
44229137,46173565,46173476
151483,5460791,5460788
443265,11658901,10106330
70679003,70679254,71297467
5284627,440879,1548943
70680305,70680382,70680351
86289847,86289848,86289850
5329098,206042,3135
5283335,5362720,5283316
5353454,689043,3651377
49792041,46931142,49792050
25017464,25180964,25017462
11966219,129626732,129626736
135563672,135563681,135563679
91766,67574,71230671
25001002,7364,14029652
41693,3345,259381
6548,138824,19800
70788966,70788997,70789019
135438605,135618618,16213016
71728401,71728442,14522145
70697736,70697804,11415826
90624,336327,169019
151730,5460224,269025
49852349,7036274,22859863
56927727,4661,17553
72666,4021,2151
51042205,51042206,51042207
57339205,29075,25913
3256859,42608427,45259181
52951052,10372074,21120798
6992378,1549427,6993373
30479,38854,41909
348137,54697499,60021
6327678,56927732,25202663
71296168,70698374,71296166
70679167,70679085,70679185
86289647,86290034,86289646
70678583,70678588,70678585
11213569,2790,3692
70813,26548,53354921
11322503,287064,68072
5706736,5982226,5353694
44593871,541551,5257176
3538644,6857398,20397298
51399521,16731813,45266739
53262364,53262324,53262307
25320183,135398615,25244444
86289266,86289262,92136165
68159338,3080609,123991
6917852,68706,23665411
9860695,9883541,3016789
23670851,173553,44602443
18608320,53477595,53477593
2832487,11955716,442849
139600853,969462,1150567
5283118,5283033,5280888
70698323,71296166,70698374
6466,5281984,5280481
82050,74236,49791941
25244241,25200940,46173314
14274761,6426042,7903
123985,45266903,439716
49852400,53239730,49852401
12310812,92904,803
13895495,11073781,11412603
244872,12736,12681
132472315,132472348,132472314
168718,11966295,11966118
7058116,86289303,13031202
9546810,9546757,9546744
135659033,440630,25201006
135398595,135398599,135398597
11769495,86583396,86583456
13984470,49800176,5322022
90659852,90659796,10677768
16070023,17756751,6857450
146170797,146170801,146170780
5280372,11988260,21627672
135563708,54685921,7469
3034394,10891602,636732
6992044,54758648,61592
4079728,92136121,4138313
71581204,71581135,86289142
5283833,160636,122340
92145,54053901,12850019
136351794,135527502,54675846
45266553,45266552,44123565
71296212,57681561,59228858
5460407,151152,11629889
439268,439165,21119819
57339321,51578623,57339237
91855404,91857070,91846858
6993205,25203322,46926222
52951747,52951748,52951628
9153,9142,2336
15842091,15842092,86290105
131801254,10321056,51042542
262,7896,11429
70678695,70678848,70678655
71491931,16222096,86290119
70697724,441802,6438914
7824,31265,8139
6674,158005,3080560
14145,12898,17038
45266517,45266516,45266514
126456457,129011099,129011098
65679,2176,3308
129626762,129626760,181610
9966861,86289658,5280701
46878496,52940090,86289083
1796510,5280444,1549306
15558376,6185,15558753
642376,54672241,134369
5312802,86289710,86289664
572,443201,70697970
10052850,10482623,6444314
716315,4654,9465
50986247,50986193,50986072
12407,12409,12389
5312827,138052,136877
6161490,5281127,5282750
9576089,122164824,3080857
25243884,86289364,86289331
91828241,91972201,91828240
5460862,5460863,145815
66643700,24796781,7019106
192372,159330,101712250
227,86,255720
6857436,5282347,5282348
10747577,127296,16752673
6119,64956,11039
176947,439716,45266903
13918522,115250,20055661
11029802,535,55289519
4149208,6857589,5460660
6436604,616765,6451142
121232639,118796867,90659830
161359,10624,1832
51351663,51351699,45266882
25034673,5281639,5281636
121232669,121232671,121232673
5280551,248269,5281803
122164823,92136207,49792005
45480569,56927779,44611539
5281758,68148,6436306
25246220,25201108,17756768
9547521,6918141,9547612
9931715,26295,447153
44256593,91825640,90659885
138756230,71581017,71581003
132274128,132274127,70680314
4075158,5460660,5461021
309,3080625,21158450
17592,25550,9571009
25171912,24864119,25171914
91858192,91848832,91860709
900,118796865,129626786
50897,91743,50896
5283662,5326970,444679
5375048,15030923,10176360
439436,440123,6857415
5282409,2564,5281066
11757884,131953085,131953086
92827,5753,5754
86289836,86289699,86290132
16115401,11225555,11092841
25244784,122391313,122391314
10473054,9884187,5747698
11339376,16755630,123921
148386,187353,110394
50906608,46174031,45480536
3246853,52921876,161468
71464674,71464632,71464673
56601862,56601653,56598063
91666374,91666373,91666378
25217850,71464688,71464619
11236201,138388114,46187193
46907870,23557188,46907872
10241,441316,5897
53262299,45281255,70678787
442431,442428,92794
5364778,5362622,6420258
70679223,70679225,70679131
102571772,40846589,132282535
19099096,70924,4308451
441490,94741,8163
10507084,91848725,71471202
70788977,70788989,51351768
14647435,45266844,70679171
24889972,24890130,152455
25058784,46217451,86583366
5460350,5460389,1738
441257,200480,440632
72193705,72193742,70678741
25201364,5282149,72193724
4478249,78165,79723
439357,439353,123912
3083016,146026563,147043
439460,25203146,439370
91859299,91853214,71774137
65728,5460076,439577
447715,164673,447718
656671,24934,21152
4711697,18986,14768067
52921608,52921614,56927742
71464583,541646,49859645
5280533,25188420,3032309
53714398,54046440,5289403
8328,6776,6293
7913,11719,57054417
69435,6288,193577
11966252,5280595,11966251
154234,91666359,65028
85782,86957,439616
44567151,53355686,53262849
2126,19266,78076
3330960,23421208,45266657
53952360,5315477,5315394
21117695,102172,21123756
52923465,24779050,24779354
164950,95708,87840
10312147,441699,70698352
8189,8179,78967
5283265,104272,9862170
71464690,7010590,54113898
70678600,70678609,70678594
443879,67425,6000
86583455,91972242,86583454
24414,24580,24586
5281875,9954185,139036271
25203408,25201296,115015
5280453,5283731,9547273
6436246,161409,6918670
121935,5460687,168038
5460809,5460817,5460810
70678694,70678666,71627147
71581184,71581144,71581161
25135703,25135702,75898
131801208,71816584,131801211
10461,44237117,5047209
5460232,16759310,23724570
11067734,16069589,124081728
637039,11100652,5281527
10058450,441339,46906052
71296192,70679044,70698386
91666370,91666369,46891855
9555,5282982,9974373
138756162,101967425,46878374
5460814,5460812,5460820
92475873,92475874,15939563
90659825,90659815,90659814
3611,20501,11027
52921886,5280914,9841438
57379345,49806720,44252734
53440779,5281630,5281634
14392217,108152,92136143
70678957,52921604,49852447
45105206,132472312,45105199
52950912,52952751,52950911
6584,8857,7865
72193640,72193677,5320852
66762,21810,216
49792034,49792037,49792046
68486,148724,10090416
71464601,68896331,14516
134160277,134160279,134160276
121225531,137333852,131801232
123131571,90659194,90657204
45266902,45266901,129849887
91857585,70678726,91848165
7855,7505,7854
126456451,124202055,126456449
5497123,9548586,25244639
92946,54113898,92829
53322523,53356511,10189
44263323,44263324,15081535
126456515,126456524,126456517
11671902,86289301,69019
86289327,86289323,86289324
6375,398,6344
91865747,16058372,25240360
45266613,45266614,71581021
49799795,71306326,71306328
5282609,5282610,14324897
5329102,206042,151193
5460285,5460420,5460305
57379018,135476717,22624897
5284389,10234,92136108
6536774,65755,6537446
25164000,13293131,136323
72204622,11383310,72204814
213046,11237860,5002
54690912,54690916,5461056
134716638,134716635,134716636
4921,5282193,1981
16680369,23266161,16680447
20722666,6946837,16722154
9840601,10133081,51389804
5283207,121225549,121225526
5281294,21117850,6474295
86289479,22298968,9547165
3830,9955,62389
126451,91643,10519161
72551516,72551468,71627221
54682905,23670523,2723873
196402,442127,11648928
102571773,40846589,12054543
49852412,49852411,49859645
46926223,70680273,91972220
11954137,227674,441302
12901,14210,26124
9914412,5330173,123631
132472300,129626609,51351699
126456475,126456473,126456474
14213209,14213211,14213215
115104,104954,62275
101729,51041526,51041312
135398695,135476778,135874854
92136131,92136156,92136130
46224558,24798709,135887848
20835389,6438587,71728460
199656,7497,7901
3083907,21723447,160466
5280882,5282260,5280388
70678615,57339215,46891774
440077,439954,440805
440966,92221,441436
46878362,36708,53262283
86290192,7058165,6131
7020885,6992507,119058130
3290,5440,4940
11147,99931,8763
132524,11724191,101712250
91825606,22833583,18230
92136201,6951109,193475
131708301,131708303,16197967
21145066,21145037,49791949
9033,8119,79033
9963963,45266844,196569
53465641,53465565,56658113
45259192,73110,25203435
524,27655,970
443249,656446,3848
135957087,25244029,44237312
25245276,25244519,10368299
7059386,5460039,5460131
11736507,11736506,16742799
91621,121834,4992
6405,4,103950
86583476,146170777,6971072
6161511,5377655,5363258
136630936,136630906,90657759
8758,21152,31373
70680366,70680368,70680372
56927854,134692115,6991988
24779490,24779473,24779458
91825631,4475486,49852338
57339229,656486,3080857
11431307,70698090,11569021
75810,17935379,15880
6455816,21363276,94543
46891805,9546799,91666415
7020027,6951109,164706
288,160663,6991994
5280550,25244357,54710960
464,91828268,21445006
70680302,91972252,71297319
5281236,20054842,16061189
695679,6450825,10390
108158,25246409,91819877
91847324,91854372,24744754
53354912,53262823,23724601
46878511,6918081,13770
6918933,40466966,40467346
86289912,44176384,90659177
45266861,196569,92136101
25164050,6235,45266508
9543177,9543061,4660280
121232693,91825678,21549934
9926791,10174505,25126798
87179336,5461014,70678650
5282310,71296213,86289681
5366506,16061269,5366509
165000,182463,176458
145864724,145864723,145864743
11859618,11865406,46931081
70678637,70678612,70678734
71668320,6538274,71668319
53239716,53239713,53239714
6741,5755,65554
439217,440364,25244770
86289641,86289631,86289634
53481777,53481779,53481791
23677060,23666830,443971
6558437,1502069,44602443
16755646,5460289,16755645
57483975,23691996,71714410
15222911,5280682,160921
147311,53481587,161255
91862037,91855466,91861096
4125251,91825573,92043310
86289180,86289163,72193779
444796,71306371,71627153
6654,16211587,520384
86290146,25229584,86583433
11235450,11165955,11248550
37873,4093,5280501
70678984,70678977,70678983
73427387,10883829,129900335
70678555,70678585,70678580
132472302,102514996,126456436
102574038,129626817,10386423
11338503,5280531,10051544
5289590,439190,23615404
11551966,5283264,5377655
135411,9875424,671
23723101,5281066,1547484
14057236,25244639,10469728
71627260,71627259,71627258
12473,6857513,6857512
151842,193484,102430
25245298,1549093,91826535
53239801,440863,15938966
13344,2735208,15012407
56927709,57339314,53262390
53477664,22873460,53477663
5281887,440713,91193006
54679752,54679753,54707775
138911140,14034279,138911139
452704,11441,3772977
86289525,86290154,86289331
97051,7020346,7408549
131801209,71816584,129626723
72551578,72551574,102571768
121232656,121232655,14274765
439972,20485,8550
44389277,129626609,356063
57339222,57339221,57339220
129320291,129011104,9548631
15276226,11073781,11412603
52940203,56927717,51351730
135398680,135449516,46173228
129011070,257409,129011069
152841,44254336,44254338
5281757,44602471,480783
53357352,121596213,121596214
9986866,363218,145944414
10430190,13257,98856
6918840,92023628,71773169
6419706,24802251,102287
11127621,11193972,124202363
16599,160620,17407
17756116,200480,443774
25246140,25246184,91666417
99642563,135563676,135563678
136249538,135566714,135926534
126456491,56927806,126456489
7368,67574,4296
5282317,6435927,70678770
7269401,9548653,9548712
111804,22137,165026
17756750,1549306,6971043
6755,10141,10205
121412669,57054417,13842
177447,105168,6857639
9883933,3446,31072
5479113,70697757,70697858
53326128,50900509,50900511
46242512,16742799,24814493
724,59,3288956
5312586,71548241,5854255
15381,1146,81261
3032615,3036443,65115
62348,135538,101148
6436630,40489139,10957631
118429016,145946112,146170799
529,788,439905
5460953,5460958,71567
86290129,86290131,26120008
131708362,131708319,131708318
91972264,91972266,91972262
2746,4261,118221163
49852403,29927686,56927739
44558527,3032297,5284483
10880539,132497765,86289213
101659112,18772468,15672202
10884902,10457340,442158
92136127,8272,4766
86289760,86289762,86289738
90659808,90659809,52921641
445675,56941511,11953841
12555,6999105,39912
65492,65985,3742
12416228,751,13964946
45380430,10936292,5483872
60146,60147,36688118
42647297,2352168,22049997
91851320,91860555,91860212
160570,68072,7424
31284,16064,3810823
18706098,53262285,3801344
656501,49852311,46878426
229455,251636,261000
440187,9692,92733
5459902,23615358,5459952
71728381,71728379,53478294
5889665,11057755,11338509
91845411,91852740,56620703
5282362,5282361,5280960
53785916,29075,25913
5283143,5283145,119058184
5283574,90659816,20057356
126456448,25010756,25010753
644078,9543716,5283471
10255,443585,5280444
70679051,70679049,14756407
86416,107828,91762
54675783,54675785,54675776
129011078,129011079,129011076
5719,37632,5732
42640845,42640846,636989
3946848,44229097,25243933
65509,5788,19266
637497,6993189,446973
25158705,25209072,25209073
129626654,129626653,129626657
14396856,9898760,14489125
1483,12005,42948
135398598,25244408,11988283
132472333,119058142,91820354
4044,1981,610479
139036279,102301634,7009660
24821,25000,61444
2733768,3035026,9548661
122391230,65727,11832674
7099940,6857424,440186
122391229,12619317,5530
25228911,25228712,72715804
6540644,71768138,5280458
6323266,9903778,3457
86290193,28284151,25202056
10519101,5200225,14586819
14136881,9898760,14489125
50994221,50994309,50994223
86289202,86290210,86290183
24779053,24779131,6441886
71296218,71296205,71296204
18942842,4220380,23615393
50909832,49859675,49859644
151021,86289070,12877783
1864,150885,11297
97165,128869,46173254
2140,3723,23672589
10988200,38356049,70679016
134692044,71627259,23728495
54728953,52952638,52952539
70697843,53262824,11762505
439840,443200,86289260
441100,441097,443498
11954060,42607306,52921883
138787,69475,13566
25201352,126456505,126456506
24778900,53478773,24778873
24892784,24755536,440550
72551583,72551582,5312915
5288473,444635,11097293
86289391,16722114,45266678
439343,172313,193537
75,12417,6561
86289571,86289570,42607466
65832,4485,60496
42604344,42604345,92503
115255,40473222,440623
5280647,25201917,5281621
440933,94157,215
24892748,440776,16738688
11902903,51389804,10131317
86289347,70697828,118553
25201298,25201891,136351787
6921820,136351785,135440067
51042408,51042410,51042407
56927828,194197,24883442
25201568,25201132,46878582
44224022,25245165,53379838
135543537,39729,135437126
90659804,90659803,90659800
5282241,5282242,4421
11741854,10092532,10069709
10931,68158,5282613
448751,1001,49866428
5464097,5484727,5311447
122368872,122368873,122368871
22824517,638122,5282709
152639,451415,149755
5459832,161227,5460352
91758,16421,91752
86289164,86289190,71581183
71297458,71297726,71297467
9860333,134692035,442048
135563725,135563727,135397962
135885207,135885206,135885208
5961,145815,5460863
35023177,20849107,5280887
72551431,51042542,56601656
14187216,110992,836
25775004,53468691,53468692
45266920,136181836,6325266
72715788,71768141,91825623
70679195,70679185,70679203
11764616,9830707,4507
11136668,9875999,54714009
72193770,56927978,71581055
23615192,135398603,135398560
132282450,132282119,132282474
51520704,33306,161409
56955928,56955927,109374149
9912721,1981,119387
5880,3034809,5879
86289611,5282151,443901
25085695,119434,6335897
5289352,11813424,70678723
70697809,135397966,10629256
5281081,4659569,5328779
7948,7041,70333
53356689,6432172,46878493
40152782,4299,1616961
457954,135413551,15134
11831045,91457,51351708
16684434,8478,5455
71627215,71627216,70726
638011,6549,439711
121596230,87120982,90186325
1826,802,18986
52923754,24779298,10485310
21895630,22447769,86583468
636405,9570757,5479537
40572166,6951542,21145376
21520,16016,19523
7541,135424353,3526
72193679,10841200,5282150
931,995,7219
91666449,91666450,91666448
29036,41077,8853
135453893,100923872,216328
131801228,137333852,131801232
70698273,13966146,46832173
10509108,23584683,23584823
10932278,10329,75898
7573,6319,11998
53493585,10766158,53493582
5443,2466,3637398
102571766,91819737,72715841
24906335,16755635,5460281
91825610,16226475,18230
21158461,122391287,5287424
5283387,5354590,71113
13267935,68578,247304
44419700,54671999,54671998
25105143,11650502,11621620
45480580,70678972,86290122
6096946,24477,24402
42607530,23251192,5357331
353908,76145006,121232652
5315472,71728402,10429233
134814692,45479680,45479373
241582,31155,72880
20848964,20848971,20848943
10366713,10343868,11705156
58067884,5317844,15939655
440407,53239781,46173732
92136209,92136208,92136210
135398703,14891,8138
91854812,71298077,21606994
25245217,7233169,5017585
193326,1795,1794
439854,99748,74388162
165435,11966188,193425
56936304,71728390,52926587
78437958,7017194,7006459
3017,19395,138756151
25202011,45266696,44229244
60815,8944,4058
11954128,11954130,11954133
52921825,52921815,91828208
12358829,49867367,5885
439392,439619,36681
70697797,53493582,42638973
76972186,14605198,258956
71728342,71728340,11766614
46861568,11102119,46926095
132274131,24817,4475486
61460,16722143,71656137
442153,10291003,932
650,18302,669
126456439,76957149,16654916
86355,107828,91762
5281421,71296186,16667385
11103,167508,3794562
6321,112025,79392
5319493,5280960,5282361
24848419,71768125,40466882
131801242,131801240,132472368
10210,7102,7112
445091,9875424,5312120
135884483,25244444,86310902
5312785,72193697,5312816
379,8892,10468
86289243,86289251,49791756
40490688,11782733,40490690
11434515,11519741,11519069
126,11521082,6998
51371330,73416264,67065305
14105084,49852378,5200225
10176675,7021428,2574
71581186,71581260,72193807
24744,24743,443067
583776,4661,413605
122198194,6992697,6991978
545567,24699,118797949
16755619,5460271,7269342
129011035,91886017,129011039
126456479,126456478,102571791
440394,638122,5282709
4622630,826075,167718
2175947,133534,115196
24771780,17756751,6857455
135413494,5315477,24883467
72715817,86289216,72715789
53326127,50900414,50900509
50909878,50909877,151104
5460049,86289498,9548669
25202620,49852303,46878475
534994,136854231,136093827
6443777,6454686,25244798
25202158,5281803,5280448
439232,193343,9920500
160614,241903,12309361
439403,76230,67178
40839,241903,5311497
376,441164,440726
24900164,70698047,441594
5460898,5460901,5460897
118796897,7364,445993
442630,71384,10077129
7567127,12302975,12302971
11476460,11234049,9875999
25058191,25058182,11985121
70698315,70698383,70698382
73466,442430,443322
53356716,136047354,45480638
10089677,23672150,657061
70679087,70679189,70679116
6433141,46861533,146672237
119058198,119058202,119058201
185639,68972,15076
4277439,18637352,11966314
6431015,520957,71728348
53792010,52946596,11748655
38081,28718,3371
25245840,24778833,24778703
11363,15697909,71728402
70788998,5460863,23724544
53477563,53477561,56928126
5317750,5281811,5281802
447568,11401949,91850775
92434,56160,91756
71464681,44611955,71464687
24802447,45040152,6440177
86289484,86289503,86289942
6276,6560,13548104
5243870,24848263,24848181
73064,10130020,12284
5464032,20843366,20843368
440064,28125547,22880
10257566,131953086,131953085
11825433,42607466,17757205
24178773,10025733,24178658
25058109,92136125,5366020
50908214,44421647,50908216
5282452,5282451,60823
126843487,126843489,20849399
45266877,51351699,45266882
449688,14989482,45480592
5328,5330,5327
91855781,91855305,91854406
40488288,51397014,40473162
244285,22673016,5312117
50909829,86289372,182463
5283960,158005,129626823
104794,68578,5282360
228491,31402,20055043
30231,442255,10450920
50901029,50901030,50901145
118796909,118796910,5246682
16114919,16114920,52937070
43708,27447,5773
70697744,15538076,10906239
126456484,126456486,70680310
18343309,5093039,21471089
136163229,51432351,56927899
70678811,58743267,70679048
54177449,124202343,124202345
57404333,21607677,50908449
12444628,177730,45266883
6347578,83525,101180
25244039,25200552,25203620
71627264,67249,23724704
52926014,9547096,9547091
5358363,8048,31265
24597,16133895,9357
71464513,71581056,185742
86290125,86290124,86289103
11954140,440224,150901
5280693,52921686,46873823
72193813,129626733,91828277
86583354,86583353,86583352
53477615,53477613,53477611
9281,9853362,44140612
5283137,5283140,448457
131841573,6923516,38988595
129011085,44263365,129011084
87,68152,64860
92139,6428461,68978
10237010,72362,15431726
644065,11966146,9543037
56927861,440516,56927827
3334,35802,131841459
70679193,70680362,70679203
5288907,53356710,53239753
129320392,86583470,22447769
8813,5284544,67413
13586798,25192237,56679736
16061104,40488287,5280880
3008318,9869652,5310999
12118082,71768065,11617875
9884262,9797928,9820848
91847513,91857355,91847024
45480615,45480614,5288336
72144,121719,11062802
66679550,66679288,102054441
16212738,5706734,65196
41368,86210,91673
440638,6992012,9816627
2952,9568620,1732
91855999,91846608,91849484
246983,15698821,6440614
25791064,135563666,10398671
440717,9543158,165198
70679053,70679052,70679050
102318041,124079388,101135271
45266800,122391259,124081804
70678750,45273081,5747698
5320053,119326,5315394
441187,25202995,11768891
52924479,24778990,24778941
237,62344,5330173
91666336,91666337,91666338
785,675,788
25195431,25195429,44176428
6957671,86289218,72715789
439774,443627,69
68275,13735,6099
227613,24820754,12314884
90658838,90659206,90658243
13624,153395,3082533
2730,21803,29307
16070014,6185,145864758
12314983,442397,442154
10434409,14305,50993828
16854,185831,11954136
71581248,72551532,71581097
71296220,52927435,71296201
130418,23615341,91859395
9543115,1550042,70703
9548817,53356659,4973
118797910,5484740,5486549
70679211,13125087,12752563
12803277,6603906,145815
10816628,10721542,10839555
11584214,11713085,11691140
3799953,14484,25202330
108109,15942885,5284270
20849413,56927964,44263831
440113,151276,440850
54405360,94169,91857678
11204813,101259434,101274325
6453839,15560094,159330
5352715,10051544,5280531
53262846,53355685,21635003
122198262,122198261,122391254
72193830,71581259,71581231
16122585,129397,146036956
9983303,5326869,2352168
91825651,16220132,91825650
50909836,91825594,71448900
71464679,71464609,71728365
2916,14484,2915
86289416,126456483,124190594
15454172,44424482,42636955
91861068,71297726,71297976
2724275,32510,5366669
15061532,14647151,68625832
239,602,111
4488496,200238,62349
9548795,32743,72193685
11391975,86290027,24796777
134930,16722143,71656137
46173162,21881347,90658514
6857599,91825661,5352133
14211805,14211811,14605572
91862576,91861066,91860544
25201398,135398683,28516
53469059,4778,25126798
70680316,70680317,10303842
135421845,135544496,13735
25244632,5280401,44229097
91825738,71581146,129626726
25244685,25200552,25203620
16059194,86289056,25244658
676034,54672085,10548300
73416455,21859,5282610
5362376,129211,60147
445963,3246941,2724170
5281692,5281649,42642845
70789051,70789042,70789044
91828291,91828292,46878574
160556,122083,5962
45266658,45266654,45266696
91854390,91858386,91850675
16139605,16132283,71728421
22873440,53477661,21896400
44542228,10423909,87975091
9853053,11274333,11158353
89216,102544,40520294
91760,175967,11205154
135567475,139600850,139600863
86289949,86289947,51432351
21158466,21158474,21158477
68911,6437380,44139912
72193672,72193671,49852298
50909875,50909872,50909876
440033,86289686,5460100
58891638,22956467,23278142
5287939,101967425,5283632
1292,8333,12121
70678883,53239800,53239796
92136174,92136208,91828217
56927824,13386157,129626751
91855664,91861504,91851074
240,244,2331
10931377,8853,41077
75734,160723,3080607
86289750,86289762,86289744
118797913,11061531,135911936
3016406,9553856,179957
72715779,72715781,72715772
5424,757,147525
91997555,25113438,198737
480859,170570,182259
65858,23663963,129626745
16441,7438,91828204
34230,86289410,70697970
146672232,5358904,5281652
129626820,129626822,121596236
185588,85445,6941548
440192,439959,8785
442333,128108,10206
56927916,72715769,137333837
135398513,135464078,135398740
135103,7010590,54113898
4687,79437,6918543
3083930,11453544,56927810
5281674,177696,5281676
14016224,129011093,101608808
16091524,16091520,16091521
71728437,15560611,15560610
45266859,45266823,45266821
92136184,92136183,122235237
8691,4756,66070
5460822,5460820,5460812
445408,967,649
24857881,25148534,53355986
643965,86290076,643964
46931145,53477591,52940221
11860154,21680226,49791975
24970705,107948,10891602
12574,66011,7482
545690,3246953,25240360
10009567,86289504,49787019
5651756,1558063,20849243
480787,10090416,5317756
121232664,3024830,3024829
6438398,11699609,9807563
6971050,74413607,59943034
6443013,13723970,51405080
22642043,22642042,139036275
146672236,92136194,40467697
104730,935,23938
5357283,69501207,5352910
87206149,5854255,86289657
5282432,5282433,72196309
9830520,6537446,9571080
6420241,5364509,12532
12304609,11027,5280662
91845897,91860550,91852198
72193723,72715836,72193750
13475120,13870433,101408509
12835430,6441293,6537101
86289524,124079407,126961071
52925127,122198211,52925126
131953084,53248694,129011099
42603598,6337568,6336615
16203739,71587824,10311306
9543319,5280673,136351783
1865,445213,93556
11546620,52922063,5326869
124079383,124079382,124079387
115245,439763,5460318
135956784,135956785,135883864
132282128,132282503,132282508
51041098,51041099,51041100
5288076,41867,65907
5459811,165609,57339323
90470232,643989,22613964
86289431,46878424,71581052
119249,24580,27854
22563,2256,13878
52922491,9546812,10373012
6994839,134692115,6991988
71464625,71464621,71464628
18596452,135398727,135398701
121490127,139291709,8139
92729,92094,6857447
135510207,135408659,4937
440349,194695,3014019
16061132,52921893,16061126
44229184,129011076,71581006
6570,536905,111509
52928818,86583405,52929486
251590,11876959,443103
44140558,4541001,6695
135420630,135464078,135398740
637090,125468,643792
16722151,24899660,24899411
91825677,10887808,14181654
440333,440321,1549100
52927246,71296196,9547167
6559,7854,10171288
91825679,91825678,21549934
53239742,53239740,53239737
6537198,5460281,16738705
52921890,10473088,52921891
11629084,5273569,53262811
129626825,88843433,25200435
2911,2381,45266847
129011031,6971072,25244469
8174,8221,8209
44587217,44587245,25016412
8316,10226,1369
57339289,90657305,70678654
10334284,5484238,54717357
9810996,152455,9964514
51351812,51351712,135926582
5461136,545,167250
54749447,54734239,124202058
70697865,70697798,70697766
331383,225755,440224
10316307,107917,124449
11954144,11954138,12850019
2531,44140586,134692067
6726,6729,6420019
134814695,134814691,134814696
522689,25516,73973
53344620,25126798,135398670
21976318,21584721,21707970
53860028,9834371,91746300
70698333,12310283,20055661
25203302,4068,54675864
5941539,5328779,11461130
5280891,102571779,71668258
70698002,11504083,471426
6440428,528972,33865
53239710,25244634,52921685
70679075,70679080,70679131
5281671,53321447,442261
86289120,86289122,86289119
13633097,3033674,4933
10105842,115244,23736
5018,1242,11658860
70678902,70678939,5289145
10465927,7010590,54113898
3858,439619,11701
11953899,5281121,34751
23706902,23706901,70678963
70679234,139036276,70678709
12309527,15558753,12308767
5320946,5281666,5491693
90658487,90658756,90658772
25113191,86290189,86290188
6436173,11333,441199
97142,96539,138756175
136041719,136041717,136041716
72193820,71581238,72551523
761520,7520,115084
2723810,23666830,2723923
91819816,134160345,49859652
440236,193475,70698356
86583397,91820143,86583398
9875401,10280735,10275777
440834,5459787,440835
86289455,86290095,86290091
5353,448222,2690
5283468,5319879,71768115
69602,34210,12253
441005,12306055,6432404
5707,68554,5311068
133052557,610016,16865
45480588,45480559,46224580
10400369,440641,193537
21625899,12019028,12313665
24778881,24778745,53478821
213043,597195,10247560
10447175,6439873,10469728
5270765,10393120,6509753
49866464,44199361,5289403
6736,6857680,21863610
53354908,442788,442520
54675756,5280648,54729369
18618641,5005498,49830468
146026564,146026569,146026565
49859698,72193766,49859600
45480624,70678645,70679043
70680319,57339199,71297421
91851125,91855568,91853665
25203591,440647,9543252
594,778,25010767
485851,6915777,499861
121225529,126480602,126456441
170404,11953806,24820754
6428178,216840,7109
11794029,9820848,9842462
126843499,126843501,13035175
92389,15788,51556
51351667,51351695,76935
51351799,51351651,53356674
51351700,51351787,51351702
25127112,25126798,25062766
7918,67643,23847176
24792125,16189154,16189896
47472,47471,2812
4474580,440894,14132861
3081970,3848,656446
53262295,53262281,66070
11883,8376,8385
12009,79066,123209
4383090,5282610,5282602
91819843,11966167,92136166
66633409,54166459,181670
4095,45265653,15130
20846129,20846128,11579
441321,441316,74318
5702546,14605198,258956
643966,643964,86290076
521280,108500,3024830
895,129011075,517030
72715759,72715798,135398671
24502,23667635,11430
46931172,135926548,46931120
20849182,195891,129011100
86289920,86289921,4592
49859611,24916760,86289950
10363838,72362,71464687
44224035,44224034,56927825
129900403,129011104,71296173
440624,194066,22295472
72715796,6992083,72715763
86290138,86290137,70698360
129626801,129626686,129626805
5281665,5282150,5280862
9900771,44230566,71423722
3536342,3996620,52921581
8485,25456,25457
25203688,72551573,45266693
91666397,91666407,91666393
94332,444000,135414246
45357453,10176752,84290
7059387,7059388,45266724
9917420,70697762,10770229
107909,3084169,194763
40425339,83967,74600207
44260119,24892725,45259167
40490669,40490663,6440793
11796121,46173475,1796509
49831950,49831946,49831947
86289732,86289734,195046
193513,449118,86290085
10389717,10060362,67261902
152119,78967,8179
46184995,5470400,11002245
72193664,49800176,102158614
132282533,132472346,122391343
56668492,56658114,56665038
70678533,70678538,91666365
10988713,70679016,38356049
71297364,71297363,91861913
1982,14210,26124
10245190,6426853,10427569
9543050,11966117,90657610
8028,11618,67164
3634,285666,24721014
6971058,6971271,94318
7124,135444742,24892751
45266580,45266612,45266544
46878520,9543128,5282145
11705034,11237860,9380
454202,108152,92136143
52941750,52927225,71296197
1045,13793967,16402
49859737,70678708,9547090
56928103,71448900,46173986
131708325,131708322,131708321
4771,6918543,46873833
9547172,93134,9547170
5702692,5463350,25241487
71464685,9856500,558649
11099168,86289971,14756407
118634407,4247,3541
4205,10467350,5002
16061140,91820022,132282522
11966128,11966159,11966137
18529,11855,6618
135398618,135573953,135398594
127601,10133,5283820
5003059,5121662,86290023
70788954,56927831,5460544
6432223,14135862,46173949
177338,95708,24360
2801,68539,3696
70698381,131801649,70788963
5469424,10429233,124072
16078994,59040790,24749268
122391349,122391351,122391347
72205182,132282536,122391353
782,69217,17732
25183872,3013990,14566
5284566,6918303,6337614
3077216,3077213,3077214
441730,441711,11556022
3731,65985,3742
440432,5459768,21145099
987,23657845,119058174
9856996,96735,10062693
167489,439874,25200370
122164848,122164882,122164850
9882094,15739204,69414
24798687,67678,6857538
54900,2733526,1548953
14016228,101608815,129011090
135402057,135406888,135402056
441157,9543186,24798709
53262867,53262866,53354805
702,887,8723
53480667,9547068,91666403
91666321,17748672,16198036
19081934,5145950,11226716
49859576,138911127,25201489
8800,9502,7547
16888,5068715,20804
5312,125181,5459844
44073,15788,51556
90658186,90658185,23241229
91754,6437838,9576412
92136120,92136101,10887808
24892782,23724748,91972222
44298592,9899628,70678895
45480632,70679006,50909886
3776,1031,8019
20841634,61853,28154
72193722,72193727,72193731
6432426,91851260,123912
6917096,49803603,49803605
10177989,25062237,70678651
53861142,14253341,111299
21579664,148724,10090416
25273143,78432242,6971056
16212222,16212225,155385
9548841,13293131,136323
53465644,12136681,14314168
72287,4940,4926
49867691,7012,10932
135398584,25243905,135398585
16211385,16212367,5477073
71306331,71306327,10509987
22174003,72715769,21707970
196831,480865,480860
16954,1549069,57448928
439864,121719,520957
80698,22137,2724093
70680288,86583483,72193716
5460972,5460967,5460974
12775252,91848774,91845673
56600471,50993828,70697956
6432211,443474,52937074
20279,2723601,119182
44567046,439712,442542
53262277,835,54689455
5280889,11865410,5280710
3083779,111278,361942
50993750,50993749,50993752
5281797,5281789,5280448
23615571,23615570,151104
953,2724170,439389
8292,91752,25670
10045178,42546,578495
53355896,25108108,53355898
70680264,70680255,70697800
135903081,135903083,135903088
9543859,9543963,9543869
18134,22286931,10507011
14841119,5280520,107971
1549061,37517,8606
11010621,9972600,10171586
53239763,24892779,126843442
5355054,135464078,135398638
5517,62959,442503
51351803,51351804,53262393
92136200,92136198,6951109
70678722,70678612,70678734
3023585,3787294,27902
169485,6441567,53477718
71306370,71627153,71306371
161336,20485,8550
13999769,46931105,5289105
20839677,10099233,53355574
91825660,91825661,2770
71296136,71296134,71296133
49792007,86289951,86289950
25322932,97535,25200497
70678947,70678907,70788985
3542,10393120,448043
53356686,71627233,126843459
5460957,5460952,5459956
25201943,25203502,18706033
131801235,131801238,131953101
5460908,5460911,76551
11,6278,31275
439517,104625,5280444
25246122,21680724,16760227
12587,5282610,33635
6419954,4022878,23672568
11035822,10475714,71306324
70679076,71581168,70679071
129626771,10476720,129626760
10185281,9983046,10050581
145864719,145864717,145864716
9554,94180,128859
5282457,5280450,5312483
1179,440775,25202645
54706898,54678872,146036956
29982675,131953103,131953109
86583377,86583378,91666406
25202413,138911127,5491808
56927884,25201133,44227630
91861401,91846993,11176527
3016,4616,13314
138911170,7019936,7019935
91848494,10895153,91850756
1549103,86287519,643792
49852310,70678831,58743253
57262456,152416,9972600
91851033,91854388,91851041
11564465,6337039,6336615
1388675,1388677,1388674
6436265,443143,442625
52921642,11977776,25010756
80635,4911,49852398
24778770,24779461,52929555
86289063,56927860,71728380
86289831,86289862,236483
72551471,72551535,72551501
122391302,123132019,122391300
71768073,71768075,71728345
152423,7408102,3956225
86289881,86289812,86289879
16961,444000,6101544
147394,71728355,174157
5281252,5281243,5281224
73417092,25200835,61503
118987304,118987303,581481
86289598,440224,225755
91666360,91666361,46878586
86289401,25243959,128
25271747,64746,213053
442771,23724671,53321436
52937174,52937173,52937074
53359350,70698012,13962962
5352099,6477676,2831662
6857396,21594298,70678620
16725794,5281929,160492
9839333,14409364,9795637
65663,102475,688509
5312441,5281127,77134720
56955925,44263865,44263864
6941547,6941548,85445
7641,12328,590836
53320361,135409468,2790
44575705,21594203,122198190
135398747,5983,24830990
443450,443451,14605564
126843446,71728351,9837272
70680335,70680317,10303842
5464344,23681451,3033702
612831,74015882,16114922
71581240,71581244,72551568
38521,68552,3518
70697791,13918473,24939147
25164049,13007361,25164047
45266534,45266565,45266568
16129635,16160723,45485349
5351216,5381273,66541
10262598,84298,442438
3007855,62683,84305
10342293,5323543,10475842
25240373,9544155,101623311
136084724,46931092,53477609
25245732,9818312,129626652
50994838,38358972,50994836
5288347,25201920,71298370
46878531,46878545,46878530
24798695,87068711,72193747
119444,181744,115127
129626772,129626760,10476720
46878378,25201489,49792009
516893,16133895,11430
144935309,146170799,145946121
71298228,91855082,91856538
447877,11966158,87094728
165627,6992111,21910303
65552,9305,12251
56659551,56666480,56663000
447154,25246212,445650
21597398,9928315,70678756
21843,15261420,10696
444234,134692067,86289336
92136117,92136147,92136144
23421197,86289257,86289260
9795157,444635,11097293
9500,5885,5289038
51399572,129626790,122164814
4685776,3740040,91828244
53262356,72193716,70678809
7789,69417,9570127
11494158,10334054,11594149
6436079,6436082,9947823
444167,56927825,44224034
91848035,91860913,91848931
46906055,46906054,46878527
40488837,25320777,5283201
56655722,56655720,56833754
101688128,115149,162868
70698172,160521,50993829
45266554,44229175,72715847
110635,135398744,44591583
70856898,32518,14993215
33605,43226,138756151
135926581,135440066,135926586
119058222,129626648,72204813
76962957,76962958,28284258
9929643,6323491,11016431
9953940,22673275,3352
19770548,108500,3024829
135912260,22566435,21126110
12590335,656816,42608342
36687778,86308982,53448504
56951734,56951725,56951719
9908268,533876,107970
6992367,7016063,14214359
91851111,71298052,92136167
6436223,76958644,86289217
439715,23421171,135398728
90657180,134692112,91819876
4419940,44423076,54746231
58321253,92136175,70678928
90657283,46174038,86583512
72551476,72551477,72551554
43594,51039,43507
521293,6857665,7505
132472305,132472304,132472306
78373,8020,14159264
3002216,11829053,121232675
10366522,101707492,21672627
6993401,88656,7009660
1978,31477,2249
71296164,10368104,439926
54686764,54680690,54729367
130904,3080587,10631
70680268,86289303,86289308
86289376,86289377,71728378
11619632,5281624,10643491
25202509,486,46878396
441107,10313234,2752638
49852315,49792009,54746226
5505,5503,2727
135398604,169371,11329481
216283,5385192,101135271
28928,6397,28925
67495,10484,10039
91826591,86289951,86289950
60962,10313079,25050
9863607,5281514,51041099
6329,69828,7965
439713,439714,5460952
45480563,18666097,24778756
129900409,56955937,53356702
12735706,356063,129626609
522777,9543212,656882
51351660,51351659,50909895
70698390,3033888,55300606
13770100,25201123,6400657
49866746,65386,440189
71581172,71581132,91972241
129011096,129011092,129011095
161748,70697839,44155973
129320481,480860,442805
25074887,638793,657181
6857777,25244444,42609798
45480596,45480593,440993
9548843,8221,12620
6419,8133,31347
51351805,53262393,51351804
25010744,25010741,123131570
20843370,20843366,20843337
7361,12748,8452
102571794,122164850,5283128
71388,3077214,3077213
159663,9929317,440071
16219987,11636816,441071
784,5359597,962
70678534,44147549,6276412
44559078,44559036,44559037
72551525,72551467,71627268
124079391,124079392,11024113
47528,12243705,64950
24892731,10249353,12366
122198249,122198251,122198247
102453304,11217472,3545606
91854726,160514,94169
643327,444718,5461132
3078139,22673275,3352
2689,56927914,11226716
13454957,13548877,85787655
5238,135410029,4875
70680348,70680353,56927762
191796,10429220,57345621
91826524,91825737,91826523
445457,26066,5460845
86289144,86289143,86289153
21668242,46931099,25202075
45266792,45266793,91828293
440184,67946,691
5277135,71188,76230
71296160,71296159,14608351
56955935,56955937,53356702
51351654,90659837,90659836
45266906,45266898,44181993
443290,9543128,5282145
5976,168365,87681
10917111,7293,14159790
44232492,9972600,57288566
71308401,5284270,5284271
122706246,5289403,54533348
135738580,135764911,135398729
4929,4937,13905
131801225,131801226,131801227
54684893,54750155,54686805
91856782,91861247,91846273
443326,440391,129900404
12546498,30131,70094729
23615569,23615570,25201525
12313148,3220,160483
18554,77845,11332763
86583511,441099,86583512
86290182,45479342,86583490
21981466,137333837,134716628
10322911,101936043,65411
5320945,5320287,5316900
23615442,20849161,11966213
71764877,54583047,54586934
25202957,7098628,25245794
794,23615390,20227614
6440522,2743,76122
138911110,71464590,71464662
6857574,6857573,6857572
25195446,76123,25195447
9960512,5282156,72551445
88730540,16226475,91825640
14636489,7041,69505
57339207,71296188,25246052
24589,14775,24588
102502420,102502421,5477212
439462,25245199,71464470
11957475,3654103,11226716
154373,21678235,67111347
32329,526668,95298
5275227,21932272,440735
5461003,11966132,14274970
6223,25243252,9882671
21707971,21707970,22361325
299,12310947,11855
44322045,10927,69414
11431811,5487427,5487426
16736470,44424482,42636955
10428459,5352005,54669843
20843347,138453912,20843363
46878548,9839580,3081391
20593234,53297381,15982923
131953102,131801239,131801236
136041715,136041716,136041717
9548707,6857582,9548708
27982,76839,14371531
124202389,122706144,90658255
72193815,72551580,72551576
5280886,20849107,25789723
138911104,71464623,6992130
90657477,6445537,56927808
11597571,11626560,53239799
73412,119034,70697866
6439463,15817745,25137916
39186,198107,6957965
52921892,5283192,102571767
70678946,91828239,91825690
134160289,132473005,58753090
91847674,54405361,91859395
5460064,25246212,5121664
24892804,24892801,442360
83133,2115,6327897
68934,135398728,19236
9924495,10364826,70679123
6919029,40466966,40467346
56927826,91826552,56927860
91860861,50909844,91858106
86289382,46926168,126456489
25164046,13007361,25164047
442668,5281802,15337591
15950376,11501341,135563662
16070027,10986154,70679028
21584050,5288642,5288700
82229,89755,1201521
100929735,159330,101712250
91825621,91825623,25201146
24778937,24778828,9546813
56932132,46861533,146672237
9543207,54675860,9543202
2537,25478,440017
134820072,134820279,145815
445896,50982919,69745
440217,5460969,440304
90659865,15270795,15730308
69413,10171288,14445623
51041530,51041529,51041752
3339,7678,4946
25203706,25201489,49792009
3036388,6581,31373
181671,181670,54166459
135398667,135398614,135398616
5280534,21158437,122198283
86289841,86289872,86289709
25246222,70678861,136181832
53262379,52921613,52921615
90657728,86583510,118797971
91855269,91850036,91858588
441921,441934,9852086
24779048,24779336,24778948
10569,443474,11289118
5281034,6011,5878
122198284,86289313,51537604
15606394,53239799,5281082
94388,96735,7520
70698249,53262842,71728418
126843450,126843452,126843455
568,3023,9212
104972,2520,40838
213039,9547976,65016
86289599,20848987,91828305
91666328,53355693,56662948
91826550,126843473,91826551
20984,12284,12046
12309449,6432312,49859620
184900,12001831,3437286
86289655,86289710,86289664
5372065,5372201,92136112
25244523,25245374,25245331
52924172,52924718,52924864
23844017,25767865,610016
5288725,6971093,440343
9548906,9548904,24939147
53359574,38363100,476856
70678771,70678748,578495
442615,21576182,5281675
54584203,54587128,54581245
12398,12391,12388
5281605,86289522,3194
45266637,53477636,440014
56649424,145944438,10478755
90659091,90659090,91666377
10288191,10127622,16222096
72193701,71448905,72193787
132274112,11278519,132274110
91810392,11674113,16189896
70680290,70680310,70680326
369401,49830468,5005498
11450633,16088021,53297473
15233562,46216805,126961227
126456461,46174770,118987343
86289206,45266544,86289196
135563682,135563681,135563676
135476775,219,6657
5461090,40510980,6925656
124202054,86289060,124202053
25229565,25229582,65217
5460337,803,25200900
129320485,13856912,10655819
11652906,134716707,443322
86289557,127054480,86289560
135533054,135548615,5351154
90546,40507900,440304
9543223,124202058,9543224
9548603,92904,25200835
56927752,688575,56927730
136666738,3675067,165026
73674,91729,91756
135498233,135464078,135398740
10857031,15983961,21594964
446987,194763,75795
2735122,2723923,16133895
49800068,16211025,5288783
5459988,49852300,50986245
46843906,44252734,16725726
129626824,129626823,9548900
5276374,44550889,23671869
26133,16623,441407
644077,439302,5526
5311181,94275,444034
85570,9543138,4418532
439772,439771,6991981
49852288,2583,51763
10357552,46926298,6438372
8093,139989,246728
78145917,122198203,122164839
5459949,194024,11309850
2302673,1076647,6999973
46742353,9576037,41909
849,4498,34328
56669874,12305769,5281254
10481513,10098804,10030158
129626633,129626750,129626625
15983958,15983957,135398594
11723631,3009552,36433
5282708,5362622,5282707
132282489,132282503,132282506
86289252,86289244,86289246
131708350,72193716,70680324
124202052,46173712,60105541
74982266,129626790,86289381
262800,91496,124202347
5702161,5702273,4117
12304196,92762,6432005
3478,5503,2727
134692103,15543023,12313974
132282052,5351515,15120074
31703,41867,65907
57485956,25245080,439762
9832481,25271615,135885227
9543038,5460364,11953877
24856363,10200651,51351762
31264,5368451,6292
90657215,90657214,25246411
3081055,439455,439456
121596218,146026574,121596212
86583435,71581193,101661200
122196,12456386,6426766
70680354,70680349,56927963
2088,16124,3305
70678828,86289240,161333
16058032,6096219,57339238
16083180,10291003,932
36400,17097,36187
54694262,54675858,9548581
71581123,71581195,71581047
129626615,46907874,24778756
118770,110394,119096
12315492,12304273,5316205
6971305,6971306,6971307
45266519,20227614,192726
11637,80086,13770
73562,6950578,91482
16019969,11966280,6365232
70678558,9548708,13856912
91861779,91859163,10169040
7657,439959,25201006
49832001,49831947,49831946
439934,439474,440281
71581040,71464647,71464527
452967,45267323,469209
90657747,90657746,121596241
49859721,101524168,68072
5289353,90659859,70678723
25111664,52937684,70698041
6918248,11154555,4449
86369,3083546,11037341
2083,5403,10184665
62921,441361,25010738
80307,4,101551464
10530497,10721542,10839555
54730539,25201324,86290100
86289284,76972264,5282468
25201556,638152,364
121225507,52921628,25171916
439741,33576,139319
1745,774,37175
639636,10469492,637851
11679714,6918120,9860619
2783,25104,66793
70678762,13993178,53354913
122706306,122706168,134160355
652,136877,135563657
9548784,9548781,9548783
49867229,72214,52946596
5460870,5460865,439714
86289088,25202983,86289951
6998031,76078708,138911103
467296,467295,65056
66093,9862,20083
321,788,439350
66125,74964,3014051
38362126,49831652,44560848
13996693,13996685,57399249
91855786,91855466,91858268
53477461,122391314,16061086
72193751,71581137,72193738
9905162,9840816,86289736
11638,6389,6327
38779,91655,32739
71728428,71728412,135563658
137333890,56946894,137333889
23391637,21363276,2759573
6420179,443200,86289260
3672,2206,3825
91826539,91826537,91826527
101987000,122097,21607811
86583406,52929486,86583407
20603332,21864432,60715
70789028,70789030,70789032
5460212,71464470,193735
5321164,23724745,23724744
11027987,14131409,91862119
134160281,134160279,134160280
139600860,139600850,139600861
21636178,11015016,9841926
20843327,20843328,46878374
16898,19255,94485
132282120,132282119,132282474
53477645,132472363,25244014
90659878,86289377,24779545
442260,442352,439712
102067377,139036267,139036270
102164179,118796924,132472331
69248,5318330,11137200
445282,69961,6994316
7583,23396613,5359597
102030,440574,94141
5312868,102430,1563
7418,7470,8373
6885,54672241,251524
53239741,53239740,53239737
83887,5960,5460542
443629,11450478,25200432
91825578,91825579,10864091
9841162,50993829,10088963
71627238,91825601,45480608
25246274,5459920,439233
91825749,91825743,52931520
86341926,70678757,91828197
71581163,71581212,72551466
24459,24817,16685708
91772,91729,73282
71768063,71768076,46209922
23615388,6857593,25200835
766745,735846,641297
72715810,72715849,9547119
890,440194,440043
86289706,86289793,86289770
54676254,54717251,10992937
25245616,25244846,25245232
42433476,5318644,72551443
129320393,5318042,641256
51351675,86289510,51351661
10877230,25245157,25245156
46878552,9898272,8154
46173511,29927686,56927739
643956,65259,644330
46906075,132862,60105541
24742076,25201642,25201333
15257197,93528,994729
129626663,129626661,129626659
7945,16197,677
15940186,86308982,53448504
10358776,171489,45119133
442813,5281777,5281810
167305,2789,4496
5282729,5312377,20034325
131801230,137333852,131801232
49792018,49792050,46931142
611,738,617
25171076,25171284,25171282
138701,10129,6616
23104037,5460391,5460052
131801216,53262313,53262386
70679240,70679239,70679241
17209,6010,150968
11158025,11377137,11363812
5460801,5460800,5460343
4479093,4220380,23615393
11961810,336327,169019
6440666,139291706,102335043
73296,57399039,21630094
65366,24892787,10258498
135531196,135511711,9802422
70679136,71581188,70679131
21863,86290065,86290066
443015,26295,447153
8063,8215,8892
132282049,132282050,132282051
11815,4760,2197
5246202,5147705,9008
2337,4633,11400
86583473,44593486,10652679
92943,5462328,5464090
5283557,42608342,9862210
5043349,21650627,6419714
3315,102397,17060
6351,6575,6212
92136193,92136194,25202132
72193864,60021,54697499
8371,68238,162602
449171,444795,7364357
11968038,5706734,65196
10403490,46832173,15602222
71728441,71728390,53478086
52929485,24778787,44575057
6537961,616765,86102
53392495,31386,6603703
4623248,2744041,94996
10919182,11814278,70697750
70788961,49852447,56927753
6020,439182,165114
118797943,118987313,118797946
25190944,52922065,131708341
70697759,56601653,70697837
964,71581094,56598467
6009,2206,2466
6089,6088,70547
9475,99824,70698391
5280519,439619,36681
440098,25244316,91845040
50986165,119058152,119058159
59693782,16925,14526
5280933,5367460,5282818
9128,2336,9142
135567474,139600850,139600861
9920426,5460792,135873312
7700,75982,2759573
20348793,5284607,62453
10924480,2743,76122
72392,46173951,46173952
3034034,6999115,101744
9818200,439587,71464605
68827,54671720,482788
13090847,91739,121596199
51351782,135563658,104625
86290028,86290030,65541
5282481,54259,14219
1560402,22693263,44229302
121871,10472693,15012407
53239696,21594298,70678620
5281987,5280379,5280607
6954,8376,69442
123132030,16219891,11802774
83952,71260,56927991
131953105,131953113,131953104
38222,66786,6959
70697895,56683359,56683358
25229595,44181993,44140590
86289258,86289260,86289257
131953107,131953109,131953104
53355458,53355574,53355339
54691413,11966129,641605
25245693,126456490,126456489
91859771,91847381,91851487
16124714,49782568,25108624
122391286,46926222,25203694
15938961,511,15938962
5283345,5281517,6428782
8288,117064919,3014051
61975,167782,4992
5365194,5364678,5364672
6971138,3876660,969462
9793926,636363,10129882
4037,23663959,610479
70697844,70697840,92794
7022352,7408102,3956225
23379797,451388,12803287
60822,14778,24963
71768108,71768109,71768129
5362833,5318599,5318042
7479,67114,56566
128812,46174176,15432456
221071,57501472,16723444
53356751,53356735,53356736
22419,135413505,135414247
6437827,10891603,12681
82473,6454626,10892749
7010529,76807,7009558
54691342,54691343,28516
122162,70547,6088
57339197,29075,25913
71329,3114,657275
6421933,91703267,89954
1117,1099,5460595
86583430,86583428,86583474
440235,9881612,90659836
9543872,71728443,10569483
6991995,7009551,25200786
725,119,16759310
9543195,9543190,53262276
71581033,441109,23250405
51351690,72715772,52921632
16850,73685,4442137
90659845,85904022,90659846
77743,19892123,171251
91828273,91828272,91828274
10327583,10260120,11958364
45266870,45266869,45259181
91666447,91666448,91666450
12586,78967,14608351
5281316,5281318,5281319
15735861,15735862,11483087
6205,17753927,16118
25271756,25202309,70680309
5353609,5352910,5281929
3826,181817,45357356
12522,439619,11701
2786976,122198266,148724
99309,122004,44237396
53477603,53477604,118796936
5464343,56330,5484727
129011050,129011051,129011052
71581024,71581036,71581026
6992567,7015683,440774
16204067,7565,23396613
10367180,10061042,10475842
5460360,135476773,14506806
66883654,44473182,76956678
101611880,91866971,52929498
439276,439162,7048685
89101936,16042541,132472324
17913,70679028,3804259
443198,192838,21125992
57431238,57448928,5709760
14019219,5282217,5281247
86289995,5312557,52921821
297,280,281
11256664,560326,136227
91828203,4147757,7510
71312006,2422,25168304
49831756,49831709,49831806
363863,56925919,25231270
12976,9543250,62373091
6115,7259,9731
131801203,131801204,71581101
28523,65727,51683
18625119,19034555,25766071
86289674,86289680,91825605
91972280,91972288,137553752
11966221,129626732,129626736
440121,25203146,439370
70788983,86289112,146170775
86289268,91828299,86289269
91846148,91850995,5288889
5281396,10918099,5471851
98192,736234,5510
46878578,439296,42609798
71581112,71627222,71581099
5280625,44147549,5280969
146014737,11871584,146014738
65105,14214359,567743
71807,6098,18381
5610,199,11492
165491,24892751,189122
5283850,5283870,119473
71581159,71627235,71581132
193349,135455579,69698
71464639,71464626,49864613
443356,440391,129900404
13190,31285,13381
126843486,126843488,129626812
45479628,4694097,135398111
86289774,102044173,86289790
131801234,131801237,131953100
132282140,132282503,132282508
86289229,9547165,10569483
14982,441910,16082057
25112180,25058085,25058086
68352,45266882,51351699
231285,3284,2164
70678867,56927753,10121152
4543,2160,4976
145343771,146672237,46861533
10635,147320,11302
56927840,56927834,56927848
164739,66259,4636
118797957,54046440,118797959
4183249,6518188,7058169
3350112,9852353,19861
70678595,70678591,70678599
119058181,119058184,10314080
75606,136227,10176752
86289232,134692115,86289230
3748644,5461062,5461064
135398593,13730,135398592
71627198,71627248,71627262
132282453,132282119,132282474
46906086,49852447,10121152
71581223,71627270,72551468
165007,15942876,164735
54586126,54581244,54584202
49852289,4475104,106
132472323,132472356,132472324
123953,71768143,53481977
139600843,91852740,139600844
91850668,91860555,11467391
51040899,51040684,10291003
44260124,44260127,44260129
50909879,50909877,151104
10393333,71296172,71296180
592814,441083,118372
6437,12308767,4369270
121596240,121596241,90657746
10944473,10998327,91827566
6439889,14274970,11966132
72193767,72551551,72551502
70680267,11561907,11627276
10205431,9983046,10050581
124202377,17507,96009
134692071,134692074,14370582
91972225,91972233,91972303
77797,3427831,76073169
49852370,25229562,49852396
6604385,86290114,86290113
11058078,10221549,91857587
20849025,42254104,1558063
10455148,65359,45480613
124693,6235,42616
6603933,147004,44224050
5362457,5492889,23253564
135398735,253602,439530
70678659,70678734,70678612
176155,18536633,5166
129626675,129626674,45489773
49852452,49852416,49852451
92136151,46926193,135886637
91861847,10206531,91845934
95715,6235,68238
439886,439383,68107
6917864,9800579,5289324
24798742,1530,104954
56601654,56601653,56598063
5284466,10198055,62683
6426909,12309360,73255
22035237,50993752,50993751
25201390,71296200,71296208
8501,69110,7886
126843490,126843488,122706168
91859343,91850151,71298370
5283159,5283162,71668340
14213975,16746309,10090416
17754024,49852381,46936304
44602409,6993953,6992131
10176229,10313234,549960
196730,127693,71627274
40469168,29927686,56927739
447213,12988,8723
654,14550408,3022253
78319901,49830468,58539301
70679179,70680359,70679203
71581143,71581156,71581212
21635054,91460,4745144
516951,16133895,24434
118797923,118797924,118797921
44244678,71627177,5283539
52951892,52951894,52951756
131708343,131708341,52922065
9832292,86290119,53477580
637568,638144,5281932
91825739,71581165,129626728
6928499,6928500,101184
52931145,90436294,24779461
86278053,24906318,439866
129320431,101634633,21119906
3378093,11226716,107780
5282161,45266708,3080714
70678630,70678730,49852410
91828267,4430570,1712390
3406,70769,9822
5362065,5481173,5282242
132282507,132282474,132282119
24778485,10274197,5280887
132282499,132282500,132282501
6992022,441476,5280570
146026592,25078060,6993090
9839519,10027372,114778
5497105,447277,5281909
23656876,14475217,3451347
70678703,11742872,42608063
123131535,123131536,90657895
23462646,3996620,52921581
24778949,24779080,24778898
54692919,54692918,54740358
25886395,102571779,71668258
91825600,86289563,6992086
122198259,122198260,102571788
118796935,25246169,44629416
785072,637797,687126
86289624,86289628,86289626
45480652,11988267,71306369
118796879,91819737,118796880
442621,5281676,442662
10236,2197,4760
16062700,91855305,91854406
91972223,91972227,91972233
152657,445993,70698348
3033895,1145,15433
56597213,56597214,14017333
102571770,86289411,25245226
7084,68276,13736
122724,64971,65319
1136,11389596,15689
53356709,71627259,71627258
129626681,129626682,135527507
424,5460294,738
70698213,50994390,50994306
91972198,91826602,91826606
39800,33344,15925951
5487785,5319744,441251
448825,46936304,49852384
7058168,7058166,135398642
90658768,90658767,71581244
16722131,47326,104926
70698140,72551430,57401109
181976,12284,12046
5460269,439616,11914
56927955,200238,13035175
439943,10349,443142
91861950,91852878,71312729
9543333,72193732,12292
25002956,9986192,16126794
125,447153,7118
6440615,6506170,11765791
21676217,155692,11055
49852321,9548669,44229111
14452912,85904022,90659846
91851695,91861066,91860544
754,2526,439162
446156,16759173,446155
11542064,11968030,11115550
1254,12072,6988
52922418,52922420,24779073
52928634,131708334,86290011
7098621,25246410,25246411
114629,1761667,69217
71581128,71464527,71464647
118987353,118987345,118987351
25200461,49792009,138911127
71728374,52929471,52929222
85519,21627689,7997
51520636,51569052,7272538
86289575,86289480,86289116
86583463,72715769,137333837
14355116,44559107,11994820
10053416,5281744,126647
132282459,132282119,132282474
56844015,3013990,14566
1752,8705,7041
62887,47319,5314
14079,61240,46878546
9548624,9548626,20843368
24793927,16189154,16189896
9409,6296,4282864
7518,66793,949
86289672,86289743,86289665
53297389,443827,99207
91850119,91848192,91848742
129011071,11687,192722
86290118,23724979,115237
166589,119569,9571075
44575331,86290022,10263052
10477690,9982878,9982260
49866400,71627203,3037598
53355455,53355339,53355457
9802841,154575,994729
5291,10074640,123596
11065764,11054473,15127669
440405,25201920,16040232
122198227,122198228,122198229
9679,15658379,124202397
169569,44561,3415
129011042,91886017,129011039
14490,18407,440918
24892749,46878401,46873822
44593590,10475714,71306324
44237331,90657145,6999783
86289735,29918871,9840816
3316,19592,5360741
7009580,71627165,6992293
92751,21704,439924
28241,121596200,62344
3085232,16956,84672
443588,135499974,5287441
5320844,5282160,5484006
439701,9877761,9964843
10343070,637759,51040684
3081355,9889172,11271640
25203730,6450808,91655
256420,72815,251112
193962,6451164,60825
131801258,44224058,86289910
86289131,86289149,86289129
16724520,4757,9189
70679036,49852411,118987290
52947716,76958643,76958644
51548329,51399546,25203532
121225546,71768147,71768138
21125391,53355457,53355339
441765,72193646,443652
124202403,126456522,72193766
136165269,25244355,72715786
102304306,146672858,71768075
357,9543186,577126
13520,10129889,20835957
10385447,38356815,11966129
52921817,14753668,52921824
71464612,53962883,71464614
10368709,13934286,70698090
101602538,10253857,72222
158899,9543032,67069
44191464,72715760,71296134
2723628,6211,9034
7257940,25789733,4377441
441586,4076,253994
18411366,164912,118716598
70804,14305,237913
71581051,45266591,25164091
74822,15076,12397
24850702,70680259,10350206
9543153,169621,788
156228,2743,76122
46173753,86289097,52940090
138911135,138911139,138911125
71366338,21920889,48
11160025,12309744,6431897
86289357,23278715,122391297
50909834,50909835,25244658
86289946,51432351,71464568
126456528,13294502,87633653
45480577,52921655,86289293
92746,5459827,101770
11693711,11556911,84098
25202130,91826581,50909852
45266521,3292996,3744
59768,133620,62936
2097,39912,46224594
86290135,90658045,139036283
6475988,70678748,44550889
25244549,124079407,126961071
23725625,9931954,1340
65478,444000,23670523
11234718,88513,24890130
5282869,139036273,5282857
5281635,5281652,5281658
5281604,5281699,5281654
440216,25202061,40424359
91828252,17407,160620
14228,88454,10130039
441284,442072,332915
10410732,54671804,159864
91850697,11467391,91858297
231352,227848,443967
5775,5504,66793
16667369,54588960,443244
70679218,70679057,70679219
129011067,129011066,129011063
71298138,91850995,91852198
23314576,4113470,5460660
3246373,68276,13736
1355,4296,75994
135883865,135883864,135956785
119058194,119058193,119058200
91826582,51351716,91825750
108185,774,155
9546817,9543803,9543963
447123,25246409,25244017
10355545,53483951,6261723
69867,119405,2752638
641012,6993189,446973
487,11756,45
91851496,91862933,91852545
10290858,45,10132
10604975,65056,107905
14152391,440026,123727
53477673,90659867,453369
122164838,122198219,122198220
23392,16192751,11636816
11148,8763,10851
76958645,76958644,76958643
25244126,54746223,25244704
129626798,129626807,129626796
71420,5485201,5750
49852330,49852329,25244096
6921809,11865406,46931081
91857703,92136202,91861102
11053,135494300,6097
45266885,439361,10012374
53239770,51351677,53262369
11988287,25137860,25137861
135563767,135563765,102213
4108,21158881,87571
13801083,71728458,56927725
5095,28864,119569
71306329,71306328,71306326
9727,16738688,16755641
25128979,44140588,25271615
6419961,26070,448753
7249,7041,69505
134692038,54728538,11467934
30082,135442967,135883862
25203316,25201677,9548796
57328746,185742,71581056
86290186,86290187,86290185
33005,14213,6125
6568,446973,6993189
1570,13386157,8871
11966110,45266564,46173358
45480555,21672389,46224572
10494,64945,12001894
72715771,72715797,6971072
40565475,40473160,165284
252379,94141,440574
7058055,11988268,656929
52923860,52923858,52923862
94204,70698258,51041312
71296178,71296179,70698332
71668261,57681561,59228858
118797956,54046440,44223978
6324616,25244480,5459948
67550006,101408509,102514996
6971029,49791998,51377238
45266513,5319744,25203443
1058,5460622,6857576
24778759,24778935,24778767
72551546,72551547,136273294
23668197,23668195,23667635
213031,71657865,2337633
120282,6096620,82017756
70678657,3084023,195891
91828275,40474546,86289314
9294,253994,7172
5282075,25203443,53354909
440233,6992590,446260
11657899,67574,91735
51351777,439968,25245674
10624721,10812337,10980660
133019,92113,101465
90657282,90657839,69698
20056425,28125539,22848362
10073180,9884187,5747698
54711003,15546,594330
5702609,6951345,6925664
91825629,91825630,91825627
71297545,70698326,91825692
5312351,643792,5282771
5365371,5378924,5364508
126456511,126456510,126456527
24779116,24779063,24778842
15385440,443650,10843319
25200933,49852303,25244587
12228,18502,21202
56927956,49859577,14767563
74989,969516,2353
160453,3679006,70914
50900596,50900509,50900511
115254,25245905,57339273
16069997,16061041,46878374
56927836,56927834,56927848
16498,23318480,7048
53477667,53477648,53477560
5352001,5378823,5316900
90659817,444732,123852
25201322,6992089,123826
25200643,136351785,135440067
9547072,5282290,102547
7420,135,7121
15341631,15341628,101408509
129011055,129011056,129011051
71581194,71581213,71581251
3476,2727,1989
24778624,24778625,24778620
44602469,44602471,132472327
5242254,11966280,6365232
56955919,56955918,97248
57339249,70678951,4659391
195870,636429,102515309
2090,498033,7543
54503904,11461130,5460062
5327035,14759579,50986248
53957446,150959,96565
40490662,40490661,40490656
70698075,56833963,441788
70164,7150,8499
51651466,51651467,122391341
53297328,16156566,86289301
306131,14566,449243
24798705,11954194,7251168
70697965,70697951,44608010
135398696,11953827,448487
56936054,90436294,126456524
54580211,53317532,51042404
6610292,46224583,9877608
45266570,45266576,45266568
72190300,86290209,86290200
119058179,15942872,119058178
57339313,57339316,52921601
135926623,135911937,135926624
3080627,179,145944438
6862,6931526,4342083
90659076,57339237,44123551
126843503,122045,5459898
443992,443994,443993
135398664,135398684,135398685
92136105,92136106,5854255
44263840,25112054,163567
23519621,501254,92418
71581225,70679221,71581228
24779323,2733532,24779360
10047486,10694005,10622584
6992031,6992032,24848321
11106,91826546,8272
49791961,86290065,86290066
91850734,91849865,10973188
71581011,86289728,90659896
17969016,4660280,8491
3955344,49875685,3863551
135567331,135564529,135566854
69310,8763,10851
25273632,86290114,86290113
71768071,71768072,71768067
71297718,71297572,71297421
52937073,164702,134692094
16656807,13622,135635230
11953816,16226475,53477791
11459958,23724671,53321436
131953079,131953080,131953081
24779559,72715818,9546749
71464606,71464607,446922
91666414,91666415,131708334
2859799,257435,3032791
86289844,86289848,86289850
11570897,72193661,5280637
33637,11615528,4615423
50900595,50900509,50900511
708857,12011795,2332
6422,8333,15880
34633,71494,6077
135340,52922657,24779495
25018459,25018458,25018460
72551570,72551462,72551568
5459852,440336,122164863
3202,8307,5314
11751458,11694896,11644754
70678949,46224587,10463427
40490684,40490685,11759555
72551537,72551499,71627226
25201337,70698366,71581068
91847929,69620814,91859292
129320424,51351699,45266882
71627193,71627235,71627194
10129879,6337622,10154135
8421,6950152,1001
135563735,135563732,122391248
86289542,86289540,70698361
40473161,40473143,51397014
24848269,91825713,118796896
21604869,71728380,49867455
5319013,15337591,5464170
90657815,90658243,90659206
25137933,44123434,151197
11870411,71627301,71627277
6452296,112092,5289373
86290149,86290137,122706645
1286902,53356511,56683359
56927987,21903368,56927986
24906329,86583437,57349632
118987321,118987325,118987315
122391246,21672627,101062653
71296143,71296190,70698351
23676771,23675709,16219477
45480634,3033888,443037
20848909,20848910,1152206
45266584,70679032,45266565
86289418,44472450,86289417
86289508,86289504,49787019
11966204,11966175,129900416
91855200,91856538,91845613
52951404,10025733,52951401
13185,89436,10459
56965901,70769,137735
131708333,131708315,131708312
15689656,182259,442805
5193,179547,3608
3474,39912,16639
183138,10073779,10054688
56655568,56834387,56655567
13917464,24779473,24778756
102212,191372,197189
10197842,34755,7098638
135563649,21121390,107849
440097,25245473,440022
135495951,99748,74388162
14896,12388,12377
13891595,7010590,71464516
448949,3707,49830468
92122,92129,122797
15942884,440038,13991612
5372367,14274765,22297418
96,72871,22
53957771,181744,13307233
23400779,49852411,541646
10657292,154101,3040629
5978,241903,5311497
91972258,91972259,91972266
441891,119245,71581120
167161,10154135,6337622
168678,331736,11182781
9828112,24892751,5460301
19371515,19861,5281066
10690,23392971,24802252
91666325,6438914,441802
240232,13548104,6560
440156,259994,439846
123886,130727,49803603
6948,7433,610016
5460297,4525487,5460299
86289434,86289404,86289425
46878538,69492,12332
15466,4928,12654
10050190,10255275,10503812
70698998,91666403,92136142
46174043,46878466,91849315
4932,36708,1576
71581216,72193832,72193792
135455418,135464078,121232659
557527,5362720,547085
54733285,52952539,52952638
98285,50906511,54672167
441852,12308885,6185
71728341,71728339,71728426
151229,5257127,779
71581093,71581073,76168118
91846847,9870096,57344538
68257,21145060,3739
5748580,11417464,12303802
5460197,5460131,5460039
71296145,71296146,86289433
56927734,86289133,441109
71581035,71581127,71464527
74873,6395,112025
86289843,86289874,86289842
49852318,52921580,25203537
104880,3034809,11196935
480872,70698091,70698146
86583436,86583426,86583432
8146,8134,8133
10209,91820032,30682
91850278,16211038,9870096
25053148,25053147,25053152
46878557,91825729,56927997
22848660,12599,167350
53481703,24779277,52922434
12741,13576,545611
2145,134508,70726
23679527,23663976,37888681
32184,26124,91752
9927988,91862716,5319249
5282897,138052,31251
5281417,54682930,54691348
137333836,6994786,21885118
70789004,70788973,70788988
118797927,86289596,25203672
70680373,70679104,70679064
73443131,73443132,44255028
131801249,71296153,131801250
439586,192826,446495
56935841,13801082,86289109
5280719,5283034,5280711
56927974,56927973,42626458
42586,51369,42504
441460,12235229,72190299
64961,3023,7047
25201261,21680226,49791975
193412,56598467,165198
135886618,135411330,10313079
6440013,70679033,70679032
485154,70678761,24809132
51037954,71464620,71728358
145946113,145946121,145946120
24425,24930,124985
73145,9846221,12358447
23724539,5282071,10748327
71668333,51405079,102571753
16061339,14077841,246520
86289282,71728372,71627172
568153,102967,13201
72715762,70679205,70679131
71815,18208,3772977
49801838,131801214,9845622
160635,3080857,303570
2482,5411,11400
86289511,72715778,86289138
441082,65727,25016412
24778518,5283501,5283493
6341,88098,79532
54694265,54675830,54675870
5324346,62878,67574
91856391,91858229,91853213
91666451,91666452,91666446
71768081,71768082,71768140
86290136,90658865,86208118
137333847,137333848,21603496
137349618,139600863,139600850
86289288,86289289,72715795
15924888,145864751,145864758
71464507,71464560,71464537
174734,65907,108161
5169,18536633,5166
53477625,440993,46906060
518964,5236,4745086
103996,21307,904
46846236,119058174,119058164
11313622,49830468,4210951
6857451,6857567,6325266
122391271,122391272,126843456
6436639,12900394,6440728
70698388,119209,70698392
5479539,9571080,6537446
62712,62662,167265
72193699,72715846,72193734
71627173,9882671,163066
419775,2987927,101526
445125,6112,5460326
442422,222140,7438
71508666,16042541,11667655
86583413,71627199,86583411
72715816,443828,149755
135563791,135563793,135563795
49791945,17935379,96215
56845520,92418,3034381
70698350,86289388,25245987
86289619,86289618,86289617
60834,54840,62878
9889323,70697946,24873684
17204,6051,12896
3617485,20841696,16938
24755496,16722140,4534582
91851341,91852545,91850980
224389,12292,71
53356665,6438372,46926172
440171,20768756,439162
70678705,56927910,71581055
122164861,71581118,71581113
5321010,45267323,469209
25201443,86289281,22234706
131801223,11621620,25015777
688070,719451,734154
5462311,935,23978
91698819,91701185,3016117
442426,24883415,91825664
47499,656575,5447130
8184,12620,103950
135460129,135436514,13736
